{
    "DM-OX1": [
        11574.939362111983,
        18.6460908,
        152287.4
    ],
    "DM-OX2": [
        24366.444520736914,
        18.8084392,
        102935.2
    ],
    "DM-POS": [
        12941.092022839288,
        18.453304000000003,
        126938.6
    ],
    "DM-ER": [
        11286.106588687428,
        19.7883556,
        123244.2
    ],
    "DM-PMX": [
        10847.717268543649,
        18.209627599999997,
        122330.0
    ],
    "DM-CX": [
        12937.051641900016,
        19.238683599999998,
        127085.8
    ],
    "DM-AP": [
        14479.194600167615,
        18.150011999999997,
        122377.8
    ],
    "ISM-OX1": [
        11393.645865944447,
        18.379819,
        123476.6
    ],
    "ISM-OX2": [
        22727.739618647884,
        18.900399200000003,
        101098.2
    ],
    "ISM-POS": [
        12745.59616099155,
        18.6771284,
        119073.0
    ],
    "ISM-ER": [
        11247.36737484814,
        19.7163882,
        122033.2
    ],
    "ISM-PMX": [
        11700.231550919343,
        18.287387799999998,
        121669.4
    ],
    "ISM-CX": [
        12985.483492674204,
        19.381985,
        121760.6
    ],
    "ISM-AP": [
        14005.600110298135,
        18.372243000000005,
        121932.0
    ],
    "IVM-OX1": [
        11637.572635647544,
        18.408884,
        121288.2
    ],
    "IVM-OX2": [
        25575.31895048433,
        18.807144,
        101009.6
    ],
    "IVM-POS": [
        12661.876087942783,
        18.2684432,
        117629.4
    ],
    "IVM-ER": [
        11036.028038220009,
        19.877676200000003,
        121235.8
    ],
    "IVM-PMX": [
        10443.453705316333,
        18.110552000000002,
        120976.0
    ],
    "IVM-CX": [
        12732.864569535412,
        19.060138799999997,
        120610.8
    ],
    "IVM-AP": [
        15469.033412220457,
        17.7976768,
        121008.4
    ],
    "EM-OX1": [
        11650.563033677035,
        18.4056682,
        120514.6
    ],
    "EM-OX2": [
        29109.338964648574,
        18.910145800000002,
        101086.4
    ],
    "EM-POS": [
        12343.636551612077,
        18.582671,
        116586.4
    ],
    "EM-ER": [
        10853.079255803197,
        19.754075999999998,
        120526.6
    ],
    "EM-PMX": [
        12457.810868314711,
        18.379782600000002,
        120325.8
    ],
    "EM-CX": [
        12593.099798514706,
        19.557300599999998,
        120247.4
    ],
    "EM-AP": [
        13173.842646559957,
        18.152725599999997,
        120251.4
    ],
    "SIM-OX1": [
        11195.9849902287,
        18.303255200000002,
        120987.4
    ],
    "SIM-OX2": [
        25362.77760695378,
        18.8095848,
        101098.2
    ],
    "SIM-POS": [
        11755.475284811935,
        18.4322858,
        117453.8
    ],
    "SIM-ER": [
        11154.11681294637,
        19.757038599999998,
        121195.0
    ],
    "SIM-PMX": [
        10930.134803914534,
        18.231439599999998,
        120575.4
    ],
    "SIM-CX": [
        12306.383261488745,
        19.1283544,
        120712.2
    ],
    "SIM-AP": [
        15213.003190620188,
        18.0579988,
        120874.4
    ],
    "SM-OX1": [
        11504.598022375974,
        18.283359400000002,
        120772.2
    ],
    "SM-OX2": [
        24544.268190781084,
        18.8544992,
        101072.6
    ],
    "SM-POS": [
        13937.311002101787,
        18.7174436,
        117538.4
    ],
    "SM-ER": [
        11664.51086581357,
        19.6365408,
        120963.2
    ],
    "SM-PMX": [
        13561.028860271279,
        18.3075322,
        120826.4
    ],
    "SM-CX": [
        16333.081745662581,
        19.569952,
        120909.2
    ],
    "SM-AP": [
        16510.02661351739,
        18.313633399999997,
        120725.8
    ]
}