{
    "DM-OX1": [
        11369.22759822429,
        "0:00:18.200570",
        121718
    ],
    "DM-OX2": [
        24133.141529510867,
        "0:00:18.838725",
        100983
    ],
    "DM-POS": [
        12844.755627489738,
        "0:00:18.307555",
        117455
    ],
    "DM-ER": [
        11120.218178730871,
        "0:00:19.663459",
        121314
    ],
    "DM-PMX": [
        10366.02687138366,
        "0:00:18.138272",
        120211
    ],
    "DM-CX": [
        12398.973566745364,
        "0:00:19.161255",
        121090
    ],
    "DM-AP": [
        14081.030679182835,
        "0:00:18.160357",
        120895
    ],
    "ISM-OX1": [
        11112.397233929587,
        "0:00:18.375937",
        122213
    ],
    "ISM-OX2": [
        21606.55994344817,
        "0:00:18.866409",
        101111
    ],
    "ISM-POS": [
        13143.0937697569,
        "0:00:18.861723",
        118659
    ],
    "ISM-ER": [
        10908.507957762718,
        "0:00:19.780378",
        121436
    ],
    "ISM-PMX": [
        11718.837161525058,
        "0:00:18.311324",
        121406
    ],
    "ISM-CX": [
        13287.398064880394,
        "0:00:19.512489",
        121988
    ],
    "ISM-AP": [
        13592.13973213421,
        "0:00:18.448536",
        122248
    ],
    "IVM-OX1": [
        12431.492712388044,
        "0:00:18.602502",
        120382
    ],
    "IVM-OX2": [
        26172.90193174637,
        "0:00:18.797158",
        100983
    ],
    "IVM-POS": [
        13285.19490566525,
        "0:00:18.425968",
        117753
    ],
    "IVM-ER": [
        10990.811494670663,
        "0:00:20.028042",
        120904
    ],
    "IVM-PMX": [
        10106.740614759263,
        "0:00:18.093518",
        121633
    ],
    "IVM-CX": [
        12310.745512908057,
        "0:00:18.990142",
        120745
    ],
    "IVM-AP": [
        15200.321558195326,
        "0:00:17.628922",
        120612
    ],
    "EM-OX1": [
        11726.550032675075,
        "0:00:18.406535",
        120674
    ],
    "EM-OX2": [
        31245.46042823751,
        "0:00:19.071488",
        101111
    ],
    "EM-POS": [
        11457.093353122373,
        "0:00:18.619652",
        116140
    ],
    "EM-ER": [
        10680.505881191484,
        "0:00:19.835485",
        120358
    ],
    "EM-PMX": [
        12103.34494545035,
        "0:00:18.491616",
        120211
    ],
    "EM-CX": [
        13016.383936624761,
        "0:00:19.819733",
        120199
    ],
    "EM-AP": [
        12268.293386696554,
        "0:00:18.226684",
        119550
    ],
    "SIM-OX1": [
        10993.847249767534,
        "0:00:18.390165",
        121134
    ],
    "SIM-OX2": [
        23715.619469686346,
        "0:00:18.933402",
        100983
    ],
    "SIM-POS": [
        13365.910249239718,
        "0:00:18.472409",
        117588
    ],
    "SIM-ER": [
        10260.45199486682,
        "0:00:19.767565",
        122051
    ],
    "SIM-PMX": [
        10640.50555546188,
        "0:00:18.356535",
        120515
    ],
    "SIM-CX": [
        13151.406797562047,
        "0:00:19.025918",
        120916
    ],
    "SIM-AP": [
        12671.253314734877,
        "0:00:18.022263",
        120786
    ],
    "SM-OX1": [
        11968.22277524201,
        "0:00:18.531033",
        121146
    ],
    "SM-OX2": [
        21766.41254610985,
        "0:00:18.940656",
        101111
    ],
    "SM-POS": [
        14674.96274031553,
        "0:00:18.786042",
        117101
    ],
    "SM-ER": [
        11339.663319611303,
        "0:00:19.561331",
        120650
    ],
    "SM-PMX": [
        14451.050428927025,
        "0:00:18.394630",
        120659
    ],
    "SM-CX": [
        16199.965694927181,
        "0:00:19.632481",
        120479
    ],
    "SM-AP": [
        15171.80756943851,
        "0:00:18.416493",
        120376
    ]
}