{
    "DM-OX1": [
        11349.671201816243,
        "0:00:18.257668",
        120696
    ],
    "DM-OX2": [
        24865.370696243826,
        "0:00:18.771552",
        100983
    ],
    "DM-POS": [
        12792.219253780368,
        "0:00:18.424284",
        117327
    ],
    "DM-ER": [
        11970.356077827682,
        "0:00:19.638476",
        121373
    ],
    "DM-PMX": [
        10787.753306156503,
        "0:00:18.095331",
        120214
    ],
    "DM-CX": [
        12166.85392563879,
        "0:00:19.078246",
        121373
    ],
    "DM-AP": [
        13199.206517047063,
        "0:00:17.907815",
        120615
    ],
    "ISM-OX1": [
        11576.0888827552,
        "0:00:18.262770",
        122033
    ],
    "ISM-OX2": [
        22470.247445404068,
        "0:00:18.794270",
        101111
    ],
    "ISM-POS": [
        13520.269593764344,
        "0:00:18.481200",
        118889
    ],
    "ISM-ER": [
        11751.908034937702,
        "0:00:19.557441",
        121538
    ],
    "ISM-PMX": [
        11630.555002729057,
        "0:00:18.036404",
        120950
    ],
    "ISM-CX": [
        12535.196130896578,
        "0:00:19.203040",
        121599
    ],
    "ISM-AP": [
        14929.586376844018,
        "0:00:18.337399",
        121889
    ],
    "IVM-OX1": [
        11081.69080605541,
        "0:00:18.329430",
        121019
    ],
    "IVM-OX2": [
        26436.489722806175,
        "0:00:18.725762",
        100983
    ],
    "IVM-POS": [
        13680.929269292956,
        "0:00:18.093363",
        117564
    ],
    "IVM-ER": [
        11110.913361131725,
        "0:00:19.742807",
        121411
    ],
    "IVM-PMX": [
        10894.470685771896,
        "0:00:18.018572",
        120727
    ],
    "IVM-CX": [
        13381.992240066895,
        "0:00:19.147489",
        120397
    ],
    "IVM-AP": [
        18357.290488702034,
        "0:00:18.035373",
        121559
    ],
    "EM-OX1": [
        12044.59290631397,
        "0:00:18.387840",
        119966
    ],
    "EM-OX2": [
        27618.483759374765,
        "0:00:18.652145",
        101111
    ],
    "EM-POS": [
        12328.932751215272,
        "0:00:18.554263",
        116264
    ],
    "EM-ER": [
        10647.733084363654,
        "0:00:19.672982",
        120361
    ],
    "EM-PMX": [
        12431.250225917267,
        "0:00:18.424351",
        120547
    ],
    "EM-CX": [
        11554.426750339324,
        "0:00:19.474542",
        119972
    ],
    "EM-AP": [
        13346.724197395863,
        "0:00:18.162081",
        120143
    ],
    "SIM-OX1": [
        11149.922004491093,
        "0:00:18.288538",
        120571
    ],
    "SIM-OX2": [
        26988.894053161097,
        "0:00:18.775927",
        101111
    ],
    "SIM-POS": [
        10569.37378164871,
        "0:00:18.452343",
        117293
    ],
    "SIM-ER": [
        11311.788967468512,
        "0:00:19.738824",
        121075
    ],
    "SIM-PMX": [
        11126.471795222948,
        "0:00:18.216691",
        120211
    ],
    "SIM-CX": [
        12895.856684346614,
        "0:00:19.205581",
        120730
    ],
    "SIM-AP": [
        15111.766665203111,
        "0:00:18.058559",
        121028
    ],
    "SM-OX1": [
        11538.673552623086,
        "0:00:18.290127",
        120736
    ],
    "SM-OX2": [
        23832.89656080508,
        "0:00:18.666272",
        101111
    ],
    "SM-POS": [
        14189.58328182309,
        "0:00:18.607487",
        117855
    ],
    "SM-ER": [
        11861.864685507835,
        "0:00:19.613424",
        121178
    ],
    "SM-PMX": [
        13931.02339024064,
        "0:00:18.195024",
        120844
    ],
    "SM-CX": [
        16653.39294511906,
        "0:00:19.425875",
        121320
    ],
    "SM-AP": [
        16827.418494571477,
        "0:00:18.390711",
        120742
    ]
}