{
    "DM-OX1": [
        11264.920823452381,
        "0:00:18.166400",
        121150
    ],
    "DM-OX2": [
        26005.3935666145,
        "0:00:18.664213",
        101111
    ],
    "DM-POS": [
        12156.896921297219,
        "0:00:18.191354",
        118066
    ],
    "DM-ER": [
        11018.539449575761,
        "0:00:19.744365",
        121246
    ],
    "DM-PMX": [
        11264.533937477232,
        "0:00:17.910704",
        121326
    ],
    "DM-CX": [
        12758.81928869413,
        "0:00:19.108062",
        121028
    ],
    "DM-AP": [
        16050.39879457912,
        "0:00:17.996897",
        120559
    ],
    "ISM-OX1": [
        11497.418496331919,
        "0:00:18.324680",
        122377
    ],
    "ISM-OX2": [
        24833.233364613912,
        "0:00:19.003624",
        101111
    ],
    "ISM-POS": [
        11873.661340963346,
        "0:00:18.664290",
        118258
    ],
    "ISM-ER": [
        11336.470588038135,
        "0:00:19.771382",
        122379
    ],
    "ISM-PMX": [
        11365.061972871648,
        "0:00:18.321617",
        121885
    ],
    "ISM-CX": [
        13327.40919413853,
        "0:00:19.222202",
        121164
    ],
    "ISM-AP": [
        15563.030520393357,
        "0:00:18.306526",
        122039
    ],
    "IVM-OX1": [
        11396.057283542412,
        "0:00:18.333622",
        121314
    ],
    "IVM-OX2": [
        26129.76049324077,
        "0:00:18.611392",
        100983
    ],
    "IVM-POS": [
        11787.392185676928,
        "0:00:18.143003",
        117136
    ],
    "IVM-ER": [
        10445.729971490775,
        "0:00:19.753366",
        120836
    ],
    "IVM-PMX": [
        10559.685168658103,
        "0:00:17.979246",
        120807
    ],
    "IVM-CX": [
        12830.898012933687,
        "0:00:19.080602",
        121267
    ],
    "IVM-AP": [
        14814.452934233313,
        "0:00:17.715521",
        121326
    ],
    "EM-OX1": [
        11139.095736912495,
        "0:00:18.274320",
        120792
    ],
    "EM-OX2": [
        29200.02063063837,
        "0:00:19.155167",
        101052
    ],
    "EM-POS": [
        12324.719262993063,
        "0:00:18.560505",
        116600
    ],
    "EM-ER": [
        11582.352376839799,
        "0:00:19.797643",
        120898
    ],
    "EM-PMX": [
        12231.027031543508,
        "0:00:18.347859",
        120046
    ],
    "EM-CX": [
        12354.321784678865,
        "0:00:19.429081",
        119984
    ],
    "EM-AP": [
        13978.663290470473,
        "0:00:18.139639",
        120842
    ],
    "SIM-OX1": [
        11519.235148843472,
        "0:00:18.315892",
        120975
    ],
    "SIM-OX2": [
        26134.160117516203,
        "0:00:18.780510",
        101111
    ],
    "SIM-POS": [
        12411.960391239481,
        "0:00:18.328166",
        117057
    ],
    "SIM-ER": [
        12109.224741025459,
        "0:00:19.852404",
        120842
    ],
    "SIM-PMX": [
        11250.604092939508,
        "0:00:18.331687",
        120686
    ],
    "SIM-CX": [
        11916.389845482385,
        "0:00:19.135737",
        120683
    ],
    "SIM-AP": [
        14487.098366198046,
        "0:00:18.115726",
        120444
    ],
    "SM-OX1": [
        11470.926686825047,
        "0:00:18.103104",
        120839
    ],
    "SM-OX2": [
        25749.813504595826,
        "0:00:18.851987",
        100983
    ],
    "SM-POS": [
        12881.786415911898,
        "0:00:18.544410",
        117759
    ],
    "SM-ER": [
        11667.386334333823,
        "0:00:19.556645",
        121535
    ],
    "SM-PMX": [
        13136.87435463284,
        "0:00:18.334184",
        121037
    ],
    "SM-CX": [
        15857.506053236912,
        "0:00:19.587300",
        120568
    ],
    "SM-AP": [
        16938.580435722983,
        "0:00:18.306727",
        120981
    ]
}