{
    "DM-OX1": [
        11821.786109583487,
        "0:00:18.531972",
        121273
    ],
    "DM-OX2": [
        22159.554159978074,
        "0:00:19.033408",
        101111
    ],
    "DM-POS": [
        13059.690892539991,
        "0:00:18.633442",
        117287
    ],
    "DM-ER": [
        10903.704746490333,
        "0:00:19.786979",
        120786
    ],
    "DM-PMX": [
        10219.713315369718,
        "0:00:18.362490",
        120795
    ],
    "DM-CX": [
        13170.474292696208,
        "0:00:19.327544",
        120379
    ],
    "DM-AP": [
        14232.940521363902,
        "0:00:18.145857",
        120273
    ],
    "ISM-OX1": [
        11169.407926012833,
        "0:00:18.379373",
        121448
    ],
    "ISM-OX2": [
        22922.50820639706,
        "0:00:18.948897",
        101111
    ],
    "ISM-POS": [
        11703.14905413068,
        "0:00:18.439649",
        118841
    ],
    "ISM-ER": [
        10753.235951281573,
        "0:00:19.648754",
        121404
    ],
    "ISM-PMX": [
        11995.945686080126,
        "0:00:18.326918",
        122152
    ],
    "ISM-CX": [
        12897.449847416818,
        "0:00:19.282039",
        122036
    ],
    "ISM-AP": [
        12725.661011310505,
        "0:00:18.415529",
        121980
    ],
    "IVM-OX1": [
        11377.742992508505,
        "0:00:18.317319",
        121373
    ],
    "IVM-OX2": [
        23966.18886024752,
        "0:00:18.851392",
        101052
    ],
    "IVM-POS": [
        11913.126824954228,
        "0:00:18.244413",
        117458
    ],
    "IVM-ER": [
        11274.126433303432,
        "0:00:19.798116",
        121600
    ],
    "IVM-PMX": [
        10728.178349852884,
        "0:00:18.085826",
        120845
    ],
    "IVM-CX": [
        13171.519141352499,
        "0:00:19.079921",
        120435
    ],
    "IVM-AP": [
        15008.076824519372,
        "0:00:17.718835",
        120978
    ],
    "EM-OX1": [
        12214.565266697382,
        "0:00:18.539627",
        120730
    ],
    "EM-OX2": [
        28124.96371310381,
        "0:00:19.015340",
        100983
    ],
    "EM-POS": [
        11714.590736281396,
        "0:00:18.604990",
        116792
    ],
    "EM-ER": [
        10722.869212725653,
        "0:00:19.552274",
        120762
    ],
    "EM-PMX": [
        13393.87202640653,
        "0:00:18.394728",
        120326
    ],
    "EM-CX": [
        11920.834508220009,
        "0:00:19.537670",
        120267
    ],
    "EM-AP": [
        12519.468315843915,
        "0:00:18.277178",
        120742
    ],
    "SIM-OX1": [
        11341.837211613692,
        "0:00:18.237257",
        121258
    ],
    "SIM-OX2": [
        22147.756505342943,
        "0:00:18.830851",
        101111
    ],
    "SIM-POS": [
        11327.007644182246,
        "0:00:18.429236",
        117160
    ],
    "SIM-ER": [
        11938.516528819602,
        "0:00:19.716366",
        120936
    ],
    "SIM-PMX": [
        10505.814714356844,
        "0:00:18.051594",
        120609
    ],
    "SIM-CX": [
        11795.658179581787,
        "0:00:19.217897",
        120612
    ],
    "SIM-AP": [
        16127.689134090515,
        "0:00:18.188922",
        121078
    ],
    "SM-OX1": [
        11542.120247716695,
        "0:00:18.367884",
        120270
    ],
    "SM-OX2": [
        24552.591669607293,
        "0:00:19.111921",
        100983
    ],
    "SM-POS": [
        14551.285495348937,
        "0:00:19.019907",
        117635
    ],
    "SM-ER": [
        11633.842101735541,
        "0:00:19.778627",
        121125
    ],
    "SM-PMX": [
        12675.634064400027,
        "0:00:18.149050",
        120438
    ],
    "SM-CX": [
        18916.77752849175,
        "0:00:19.536832",
        121311
    ],
    "SM-AP": [
        16772.199754288475,
        "0:00:18.164223",
        121022
    ]
}