{
    "DM-OX1": [
        12069.091077483512,
        "0:00:20.073844",
        276600
    ],
    "DM-OX2": [
        24668.76265133729,
        "0:00:18.734298",
        110488
    ],
    "DM-POS": [
        13851.897419089124,
        "0:00:18.709885",
        164558
    ],
    "DM-ER": [
        11417.714490812494,
        "0:00:20.108499",
        131502
    ],
    "DM-PMX": [
        11600.558912331138,
        "0:00:18.541341",
        129104
    ],
    "DM-CX": [
        14190.137135725596,
        "0:00:19.518311",
        151559
    ],
    "DM-AP": [
        14832.396488665156,
        "0:00:18.539134",
        129547
    ],
    "ISM-OX1": [
        11612.916790692696,
        "0:00:18.556335",
        129312
    ],
    "ISM-OX2": [
        21806.14913337621,
        "0:00:18.888796",
        101047
    ],
    "ISM-POS": [
        13487.807046342487,
        "0:00:18.938780",
        120718
    ],
    "ISM-ER": [
        11486.714342220565,
        "0:00:19.823986",
        123409
    ],
    "ISM-PMX": [
        11790.757931390828,
        "0:00:18.440676",
        121954
    ],
    "ISM-CX": [
        12879.964226038699,
        "0:00:19.690155",
        122016
    ],
    "ISM-AP": [
        13217.582910808595,
        "0:00:18.353225",
        121504
    ],
    "IVM-OX1": [
        11900.87938374335,
        "0:00:18.461547",
        122353
    ],
    "IVM-OX2": [
        25171.25374438081,
        "0:00:19.050016",
        101047
    ],
    "IVM-POS": [
        12642.737254124553,
        "0:00:18.435469",
        118236
    ],
    "IVM-ER": [
        11358.558930503452,
        "0:00:20.066050",
        121428
    ],
    "IVM-PMX": [
        9928.193707539522,
        "0:00:18.375598",
        120868
    ],
    "IVM-CX": [
        11969.167940415922,
        "0:00:19.002540",
        120210
    ],
    "IVM-AP": [
        13965.025255452236,
        "0:00:17.889733",
        120567
    ],
    "EM-OX1": [
        11128.01122578625,
        "0:00:18.420019",
        120411
    ],
    "EM-OX2": [
        29357.76629188841,
        "0:00:18.656589",
        101175
    ],
    "EM-POS": [
        13892.846654448278,
        "0:00:18.573945",
        117136
    ],
    "EM-ER": [
        10631.935723895402,
        "0:00:19.911996",
        120254
    ],
    "EM-PMX": [
        12129.560112255904,
        "0:00:18.240359",
        120499
    ],
    "EM-CX": [
        14119.532012710572,
        "0:00:19.525477",
        120815
    ],
    "EM-AP": [
        13756.064042392985,
        "0:00:17.958046",
        119980
    ],
    "SIM-OX1": [
        10975.083336427713,
        "0:00:18.284424",
        120999
    ],
    "SIM-OX2": [
        27827.457889062316,
        "0:00:18.727234",
        101175
    ],
    "SIM-POS": [
        11103.124357749519,
        "0:00:18.479275",
        118171
    ],
    "SIM-ER": [
        10150.60183255146,
        "0:00:19.710034",
        121071
    ],
    "SIM-PMX": [
        11127.277861591494,
        "0:00:18.200691",
        120856
    ],
    "SIM-CX": [
        11772.60480047089,
        "0:00:19.056639",
        120620
    ],
    "SIM-AP": [
        17667.208472874387,
        "0:00:17.904524",
        121036
    ],
    "SM-OX1": [
        11003.04684947304,
        "0:00:18.124649",
        120870
    ],
    "SM-OX2": [
        26819.626672787374,
        "0:00:18.701660",
        101175
    ],
    "SM-POS": [
        13388.937077109476,
        "0:00:18.629372",
        117342
    ],
    "SM-ER": [
        11819.79788787935,
        "0:00:19.672677",
        120328
    ],
    "SM-PMX": [
        13610.562063155867,
        "0:00:18.464773",
        121154
    ],
    "SM-CX": [
        14037.766506537999,
        "0:00:19.667272",
        120868
    ],
    "SM-AP": [
        16840.126813565512,
        "0:00:18.290013",
        120508
    ]
}