{
    "DM-OX1": [
        11264.920823452381,
        18.1664,
        120696
    ],
    "DM-OX2": [
        22159.554159978074,
        18.664213,
        100983
    ],
    "DM-POS": [
        12156.896921297219,
        18.191354,
        117287
    ],
    "DM-ER": [
        10903.704746490333,
        19.638476,
        120786
    ],
    "DM-PMX": [
        10219.713315369718,
        17.910704,
        120211
    ],
    "DM-CX": [
        12166.85392563879,
        19.078246,
        120379
    ],
    "DM-AP": [
        13199.206517047063,
        17.907815,
        120273
    ],
    "ISM-OX1": [
        11112.397233929587,
        18.26277,
        121448
    ],
    "ISM-OX2": [
        21606.55994344817,
        18.79427,
        101047
    ],
    "ISM-POS": [
        11703.14905413068,
        18.439649,
        118258
    ],
    "ISM-ER": [
        10753.235951281573,
        19.557441,
        121404
    ],
    "ISM-PMX": [
        11365.061972871648,
        18.036404,
        120950
    ],
    "ISM-CX": [
        12535.196130896578,
        19.20304,
        121164
    ],
    "ISM-AP": [
        12725.661011310505,
        18.306526,
        121504
    ],
    "IVM-OX1": [
        11081.69080605541,
        18.317319,
        120382
    ],
    "IVM-OX2": [
        23966.18886024752,
        18.611392,
        100983
    ],
    "IVM-POS": [
        11787.392185676928,
        18.093363,
        117136
    ],
    "IVM-ER": [
        10445.729971490775,
        19.742807,
        120836
    ],
    "IVM-PMX": [
        9928.193707539522,
        17.979246,
        120727
    ],
    "IVM-CX": [
        11969.167940415922,
        18.990142,
        120210
    ],
    "IVM-AP": [
        13965.025255452236,
        17.628922,
        120567
    ],
    "EM-OX1": [
        11128.01122578625,
        18.27432,
        119966
    ],
    "EM-OX2": [
        27618.483759374765,
        18.652145,
        100983
    ],
    "EM-POS": [
        11457.093353122373,
        18.554263,
        116140
    ],
    "EM-ER": [
        10631.935723895402,
        19.552274,
        120254
    ],
    "EM-PMX": [
        12103.34494545035,
        18.240359,
        120046
    ],
    "EM-CX": [
        11554.426750339324,
        19.429081,
        119972
    ],
    "EM-AP": [
        12268.293386696554,
        17.958046,
        119550
    ],
    "SIM-OX1": [
        10975.083336427713,
        18.237257,
        120571
    ],
    "SIM-OX2": [
        22147.756505342943,
        18.727234,
        100983
    ],
    "SIM-POS": [
        10569.37378164871,
        18.328166,
        117057
    ],
    "SIM-ER": [
        10150.60183255146,
        19.710034,
        120842
    ],
    "SIM-PMX": [
        10505.814714356844,
        18.051594,
        120211
    ],
    "SIM-CX": [
        11772.60480047089,
        19.025918,
        120612
    ],
    "SIM-AP": [
        12671.253314734877,
        17.904524,
        120444
    ],
    "SM-OX1": [
        11003.04684947304,
        18.103104,
        120270
    ],
    "SM-OX2": [
        21766.41254610985,
        18.666272,
        100983
    ],
    "SM-POS": [
        12881.786415911898,
        18.54441,
        117101
    ],
    "SM-ER": [
        11339.663319611303,
        19.556645,
        120328
    ],
    "SM-PMX": [
        12675.634064400027,
        18.14905,
        120438
    ],
    "SM-CX": [
        14037.766506537999,
        19.425875,
        120479
    ],
    "SM-AP": [
        15171.80756943851,
        18.164223,
        120376
    ]
}