{
    "DM-OX1": [
        37909062.32486508,
        1548.0891382,
        10365158.0
    ],
    "DM-OX2": [
        41237324.65715482,
        969.4193640000001,
        5378927.0
    ],
    "DM-POS": [
        40573590.1564125,
        3828.3590118,
        10280084.2
    ],
    "DM-ER": [
        37530117.04843436,
        2998.7126182,
        11719498.0
    ],
    "DM-PMX": [
        38448178.22361555,
        415.1381272,
        9332590.8
    ],
    "DM-CX": [
        39054209.08402099,
        2632.4497372,
        10319010.4
    ],
    "DM-AP": [
        41148835.37418068,
        4464.7047306,
        10270216.4
    ],
    "ISM-OX1": [
        37981566.444293715,
        1553.8144803999999,
        10386926.6
    ],
    "ISM-OX2": [
        41525726.317992054,
        979.8156060000001,
        5440018.2
    ],
    "ISM-POS": [
        39412070.87586199,
        3743.4397992,
        10397751.6
    ],
    "ISM-ER": [
        37614283.321068786,
        3017.7683932000004,
        11751179.6
    ],
    "ISM-PMX": [
        38608295.002246395,
        414.3762848,
        9431433.8
    ],
    "ISM-CX": [
        38168906.885838255,
        2621.1224166,
        10395020.6
    ],
    "ISM-AP": [
        40397735.70210541,
        5610.7309788,
        10417346.0
    ],
    "IVM-OX1": [
        37787261.28458007,
        2118.9119734,
        10339466.6
    ],
    "IVM-OX2": [
        41294661.32967045,
        1092.5287354,
        5439142.4
    ],
    "IVM-POS": [
        40612932.146071196,
        3648.9781728000003,
        10275320.4
    ],
    "IVM-ER": [
        37395643.97950054,
        2954.8635752,
        11721994.6
    ],
    "IVM-PMX": [
        38317953.83685158,
        415.52816659999996,
        9333131.4
    ],
    "IVM-CX": [
        38710034.29561059,
        2634.4356334,
        10349028.4
    ],
    "IVM-AP": [
        41163515.75947681,
        4473.1045122,
        10313848.8
    ],
    "EM-OX1": [
        37778565.97723807,
        1554.7815396,
        9791008.6
    ],
    "EM-OX2": [
        42480266.404407315,
        978.4071661999999,
        5385294.2
    ],
    "EM-POS": [
        39653592.49587438,
        3604.5290806,
        9955797.8
    ],
    "EM-ER": [
        37402558.65580642,
        2952.7112804,
        11746581.4
    ],
    "EM-PMX": [
        39004406.57780578,
        414.88572379999994,
        8987680.2
    ],
    "EM-CX": [
        39271172.73149359,
        2675.5197550000003,
        9792691.2
    ],
    "EM-AP": [
        40537797.35826259,
        4473.163583799999,
        9791625.4
    ],
    "SIM-OX1": [
        37851634.26304151,
        1556.4163298,
        10324455.6
    ],
    "SIM-OX2": [
        41308010.50640704,
        976.7311674,
        5358821.6
    ],
    "SIM-POS": [
        40458588.53864769,
        3610.5158632,
        10260255.4
    ],
    "SIM-ER": [
        37434119.73125941,
        2966.9653485999997,
        11719412.0
    ],
    "SIM-PMX": [
        37947270.43676879,
        412.790477,
        9318934.6
    ],
    "SIM-CX": [
        37801063.68087546,
        2657.0591111999997,
        10303636.6
    ],
    "SIM-AP": [
        41125277.368532166,
        4980.88717,
        10223010.0
    ],
    "SM-OX1": [
        37881574.20923447,
        1732.2975188,
        10274791.8
    ],
    "SM-OX2": [
        41671690.838711485,
        1284.1890376000001,
        5373692.6
    ],
    "SM-POS": [
        40149048.097195424,
        4028.8962088,
        10311187.6
    ],
    "SM-ER": [
        37729736.76175089,
        2949.0264008000004,
        11737070.8
    ],
    "SM-PMX": [
        38690970.97802777,
        412.7119215999999,
        9408141.0
    ],
    "SM-CX": [
        38908132.30664213,
        2660.9090766,
        10306316.4
    ],
    "SM-AP": [
        40663033.66579088,
        4468.0587316,
        10241533.8
    ]
}