{
    "DM-OX1": [
        37758722.648358226,
        1536.197407,
        10296843
    ],
    "DM-OX2": [
        40907218.301760375,
        959.978417,
        5280335
    ],
    "DM-POS": [
        40485353.229733974,
        3578.895536,
        10209821
    ],
    "DM-ER": [
        37420502.98873027,
        2914.682266,
        11714718
    ],
    "DM-PMX": [
        38318930.54602124,
        405.370851,
        9273169
    ],
    "DM-CX": [
        38827520.11247479,
        2582.566737,
        10277364
    ],
    "DM-AP": [
        40994588.22746544,
        4415.177238,
        10215012
    ],
    "ISM-OX1": [
        37830466.17728741,
        1542.161978,
        10310359
    ],
    "ISM-OX2": [
        41361998.08770963,
        968.450548,
        5351983
    ],
    "ISM-POS": [
        38941461.935351275,
        3573.71621,
        10268719
    ],
    "ISM-ER": [
        37456252.46147993,
        2917.826975,
        11749995
    ],
    "ISM-PMX": [
        38240337.41723918,
        405.433481,
        9355881
    ],
    "ISM-CX": [
        37621163.81226474,
        2599.528373,
        10301639
    ],
    "ISM-AP": [
        40200222.322996296,
        4417.365853,
        10361916
    ],
    "IVM-OX1": [
        37664693.761424586,
        1533.908526,
        10248795
    ],
    "IVM-OX2": [
        41021705.72072756,
        959.014144,
        5364256
    ],
    "IVM-POS": [
        40380750.54533437,
        3592.600541,
        10224649
    ],
    "IVM-ER": [
        37246218.97870475,
        2928.580508,
        11718689
    ],
    "IVM-PMX": [
        38249449.975489534,
        404.605927,
        9279507
    ],
    "IVM-CX": [
        38509706.2019114,
        2612.928401,
        10311778
    ],
    "IVM-AP": [
        40966723.18299291,
        4417.57451,
        10204499
    ],
    "EM-OX1": [
        37595654.29700017,
        1543.594889,
        9786564
    ],
    "EM-OX2": [
        42320711.42876696,
        967.323887,
        5317535
    ],
    "EM-POS": [
        39164298.584940515,
        3580.97423,
        9951666
    ],
    "EM-ER": [
        37191617.23207543,
        2924.927402,
        11745897
    ],
    "EM-PMX": [
        38650369.945033714,
        406.348261,
        8949197
    ],
    "EM-CX": [
        38988121.42693905,
        2651.580399,
        9787800
    ],
    "EM-AP": [
        40348562.07658574,
        4414.108203,
        9786235
    ],
    "SIM-OX1": [
        37576016.465742916,
        1541.000228,
        10277053
    ],
    "SIM-OX2": [
        41037013.64190149,
        964.215425,
        5289011
    ],
    "SIM-POS": [
        40347822.790803745,
        3579.894533,
        10165590
    ],
    "SIM-ER": [
        37341125.215720795,
        2929.41807,
        11715836
    ],
    "SIM-PMX": [
        37846044.570385456,
        402.586224,
        9224534
    ],
    "SIM-CX": [
        37587270.97289782,
        2630.640083,
        10205916
    ],
    "SIM-AP": [
        40976330.07570057,
        4412.39428,
        10199335
    ],
    "SM-OX1": [
        37661292.391151674,
        1545.553194,
        10201833
    ],
    "SM-OX2": [
        41413928.48118147,
        972.349194,
        5320103
    ],
    "SM-POS": [
        39837877.35706043,
        3570.652709,
        10224989
    ],
    "SM-ER": [
        37578530.92702567,
        2897.391441,
        11730676
    ],
    "SM-PMX": [
        38475546.82901888,
        404.488548,
        9281734
    ],
    "SM-CX": [
        38742974.9444022,
        2615.873968,
        10238787
    ],
    "SM-AP": [
        40521783.14728506,
        4423.662425,
        10179266
    ]
}