{
    "DM-OX1": [
        37758722.648358226,
        "0:25:36.197407",
        10371250
    ],
    "DM-OX2": [
        40996193.675113946,
        "0:16:03.072696",
        5280335
    ],
    "DM-POS": [
        40537053.94071197,
        "0:59:38.895536",
        10293034
    ],
    "DM-ER": [
        37704970.83438666,
        "0:48:45.602504",
        11721597
    ],
    "DM-PMX": [
        38550848.01017519,
        "0:06:56.370756",
        9325504
    ],
    "DM-CX": [
        38916577.29884053,
        "0:43:15.647154",
        10284271
    ],
    "DM-AP": [
        40994588.22746544,
        "1:13:35.177238",
        10215012
    ],
    "ISM-OX1": [
        38050870.557137266,
        "0:25:55.341225",
        10366607
    ],
    "ISM-OX2": [
        41413244.11949445,
        "0:16:08.450548",
        5535807
    ],
    "ISM-POS": [
        38941461.935351275,
        "0:59:41.786454",
        10268719
    ],
    "ISM-ER": [
        37530458.841310866,
        "0:48:47.115715",
        11752346
    ],
    "ISM-PMX": [
        38240337.41723918,
        "0:07:04.128891",
        9355881
    ],
    "ISM-CX": [
        37621163.81226474,
        "0:43:19.528373",
        10372421
    ],
    "ISM-AP": [
        40373810.68097085,
        "1:13:37.365853",
        10361916
    ],
    "IVM-OX1": [
        37790658.094338804,
        "0:25:42.045247",
        10312665
    ],
    "IVM-OX2": [
        41194467.084493704,
        "0:15:59.014144",
        5428475
    ],
    "IVM-POS": [
        40380750.54533437,
        "0:59:52.600541",
        10280135
    ],
    "IVM-ER": [
        37495965.01900375,
        "0:48:51.357119",
        11729258
    ],
    "IVM-PMX": [
        38300076.589285456,
        "0:07:01.030815",
        9279507
    ],
    "IVM-CX": [
        38846397.657730915,
        "0:43:33.628607",
        10385949
    ],
    "IVM-AP": [
        41215471.540205434,
        "1:13:37.574510",
        10204499
    ],
    "EM-OX1": [
        37740142.313980475,
        "0:25:52.047052",
        9794994
    ],
    "EM-OX2": [
        42596648.888354406,
        "0:16:08.642553",
        5436039
    ],
    "EM-POS": [
        39164298.584940515,
        "0:59:40.974230",
        9951666
    ],
    "EM-ER": [
        37561374.041369334,
        "0:48:44.927402",
        11746310
    ],
    "EM-PMX": [
        39200847.7303774,
        "0:07:01.439265",
        8949197
    ],
    "EM-CX": [
        38988121.42693905,
        "0:44:11.580399",
        9794349
    ],
    "EM-AP": [
        40592006.6213659,
        "1:13:34.108203",
        9791812
    ],
    "SIM-OX1": [
        38097422.405151695,
        "0:25:41.000228",
        10298950
    ],
    "SIM-OX2": [
        41196489.89541518,
        "0:16:11.845674",
        5327087
    ],
    "SIM-POS": [
        40347822.790803745,
        "0:59:47.163955",
        10165590
    ],
    "SIM-ER": [
        37460494.09873182,
        "0:48:49.418070",
        11727074
    ],
    "SIM-PMX": [
        37890314.319879405,
        "0:06:56.909319",
        9271303
    ],
    "SIM-CX": [
        37915513.591733925,
        "0:43:50.640083",
        10253998
    ],
    "SIM-AP": [
        41249229.85877441,
        "1:13:32.394280",
        10240259
    ],
    "SM-OX1": [
        37954312.83260585,
        "0:25:45.553194",
        10231405
    ],
    "SM-OX2": [
        41709543.988420814,
        "0:16:12.349194",
        5407063
    ],
    "SM-POS": [
        40247036.07333949,
        "0:59:30.652709",
        10370713
    ],
    "SM-ER": [
        37700729.27762321,
        "0:48:53.289873",
        11746369
    ],
    "SM-PMX": [
        38820135.02338198,
        "0:06:58.199833",
        9459546
    ],
    "SM-CX": [
        38832915.70357502,
        "0:44:00.169293",
        10238787
    ],
    "SM-AP": [
        40777527.26754033,
        "1:13:43.662425",
        10218808
    ]
}