{
    "DM-OX1": [
        37908744.998498306,
        "0:25:56.144084",
        10348431
    ],
    "DM-OX2": [
        41584780.97423108,
        "0:16:10.566624",
        5343791
    ],
    "DM-POS": [
        40485353.229733974,
        "1:00:15.322738",
        10301662
    ],
    "DM-ER": [
        37473060.74204747,
        "0:48:34.682266",
        11724533
    ],
    "DM-PMX": [
        38495010.96449816,
        "0:07:00.450791",
        9273764
    ],
    "DM-CX": [
        39275016.186530046,
        "0:43:02.566737",
        10384963
    ],
    "DM-AP": [
        41165437.356554195,
        "1:14:31.683693",
        10280975
    ],
    "ISM-OX1": [
        37940979.153967224,
        "0:26:04.148285",
        10471224
    ],
    "ISM-OX2": [
        41740874.70087957,
        "0:16:21.202400",
        5482879
    ],
    "ISM-POS": [
        39374366.00404991,
        "1:00:45.356614",
        10466680
    ],
    "ISM-ER": [
        37456252.46147993,
        "0:48:37.826975",
        11749995
    ],
    "ISM-PMX": [
        38743490.66653022,
        "0:06:57.518760",
        9397307
    ],
    "ISM-CX": [
        38011974.42572449,
        "0:43:27.312613",
        10357425
    ],
    "ISM-AP": [
        40683181.114967465,
        "1:14:43.511376",
        10365846
    ],
    "IVM-OX1": [
        37817488.16201956,
        "0:26:14.825361",
        10373815
    ],
    "IVM-OX2": [
        41348270.86237224,
        "0:16:01.950934",
        5458639
    ],
    "IVM-POS": [
        40773505.20193826,
        "1:00:25.652776",
        10224649
    ],
    "IVM-ER": [
        37246218.97870475,
        "0:48:48.580508",
        11721193
    ],
    "IVM-PMX": [
        38253334.95892956,
        "0:07:02.970783",
        9325203
    ],
    "IVM-CX": [
        38509706.2019114,
        "0:43:32.928401",
        10330081
    ],
    "IVM-AP": [
        41186950.41296305,
        "1:14:36.266141",
        10345363
    ],
    "EM-OX1": [
        37775909.15523192,
        "0:26:09.080582",
        9794662
    ],
    "EM-OX2": [
        42328623.60350233,
        "0:16:20.522029",
        5347787
    ],
    "EM-POS": [
        39224821.07133681,
        "1:00:18.958948",
        9962166
    ],
    "EM-ER": [
        37314478.62465609,
        "0:49:13.921466",
        11747608
    ],
    "EM-PMX": [
        39031032.31453328,
        "0:07:00.263876",
        9001138
    ],
    "EM-CX": [
        39314413.11560786,
        "0:44:23.771011",
        9787800
    ],
    "EM-AP": [
        40348562.07658574,
        "1:15:01.952121",
        9795355
    ],
    "SIM-OX1": [
        37986021.094254136,
        "0:26:00.041349",
        10277053
    ],
    "SIM-OX2": [
        41037013.64190149,
        "0:16:13.484689",
        5413075
    ],
    "SIM-POS": [
        40497561.503266744,
        "1:00:46.956476",
        10242967
    ],
    "SIM-ER": [
        37582144.154355384,
        "0:49:00.411564",
        11716158
    ],
    "SIM-PMX": [
        38013226.52564988,
        "0:07:01.932690",
        9310558
    ],
    "SIM-CX": [
        37999116.5373505,
        "0:44:03.100037",
        10379265
    ],
    "SIM-AP": [
        40976330.07570057,
        "1:57:18.125610",
        10243979
    ],
    "SM-OX1": [
        37739387.85984596,
        "0:40:49.660729",
        10251598
    ],
    "SM-OX2": [
        41605748.82817262,
        "0:20:06.915442",
        5425747
    ],
    "SM-POS": [
        39995867.46238709,
        "1:02:09.419015",
        10224989
    ],
    "SM-ER": [
        37751404.017359376,
        "0:48:17.391441",
        11740169
    ],
    "SM-PMX": [
        38696048.14454751,
        "0:06:48.927857",
        9281734
    ],
    "SM-CX": [
        38960845.119310044,
        "0:43:35.873968",
        10362068
    ],
    "SM-AP": [
        40891128.8349688,
        "1:13:47.091483",
        10242528
    ]
}