{
    "DM-OX1": [
        37920605.18635513,
        "0:25:53.362283",
        10422643
    ],
    "DM-OX2": [
        40907218.301760375,
        "0:16:18.907663",
        5376135
    ],
    "DM-POS": [
        40567206.307492785,
        "0:59:52.137021",
        10327761
    ],
    "DM-ER": [
        37420502.98873027,
        "0:49:13.285001",
        11719847
    ],
    "DM-PMX": [
        38474330.9816073,
        "0:07:00.805373",
        9376327
    ],
    "DM-CX": [
        38827520.11247479,
        "0:43:35.898821",
        10277364
    ],
    "DM-AP": [
        41277396.07145669,
        "1:14:28.705844",
        10232201
    ],
    "ISM-OX1": [
        37830466.17728741,
        "0:25:52.013249",
        10421458
    ],
    "ISM-OX2": [
        41504613.116036,
        "0:16:26.081930",
        5419515
    ],
    "ISM-POS": [
        39411015.665112756,
        "1:00:06.622061",
        10385187
    ],
    "ISM-ER": [
        37664013.867274396,
        "0:49:12.902093",
        11750426
    ],
    "ISM-PMX": [
        38901300.34922285,
        "0:06:58.406946",
        9488856
    ],
    "ISM-CX": [
        38484024.54868748,
        "0:43:44.766673",
        10466343
    ],
    "ISM-AP": [
        40302515.5680397,
        "1:14:24.063423",
        10519031
    ],
    "IVM-OX1": [
        37664693.761424586,
        "0:25:59.363937",
        10248795
    ],
    "IVM-OX2": [
        41276549.09812193,
        "0:16:12.283170",
        5517863
    ],
    "IVM-POS": [
        40651814.036401674,
        "1:00:26.175648",
        10240485
    ],
    "IVM-ER": [
        37270585.9377163,
        "0:49:40.824390",
        11721457
    ],
    "IVM-PMX": [
        38485207.41247062,
        "0:07:02.207019",
        9320229
    ],
    "IVM-CX": [
        38766176.329267524,
        "0:44:22.274501",
        10313243
    ],
    "IVM-AP": [
        41364309.90207447,
        "1:14:57.321879",
        10501015
    ],
    "EM-OX1": [
        37826355.58017865,
        "0:25:54.953512",
        9787806
    ],
    "EM-OX2": [
        42723071.6328045,
        "0:16:20.760867",
        5317535
    ],
    "EM-POS": [
        40424586.71077525,
        "0:59:43.605411",
        9952500
    ],
    "EM-ER": [
        37191617.23207543,
        "0:49:11.844532",
        11745956
    ],
    "EM-PMX": [
        39074492.710111864,
        "0:06:58.746632",
        9001825
    ],
    "EM-CX": [
        39424482.22316759,
        "0:44:45.476489",
        9795007
    ],
    "EM-AP": [
        40516861.33721517,
        "1:14:29.331442",
        9794919
    ],
    "SIM-OX1": [
        37846385.9180214,
        "0:26:13.693280",
        10356529
    ],
    "SIM-OX2": [
        41698431.33439023,
        "0:16:29.488151",
        5439767
    ],
    "SIM-POS": [
        40427221.38489005,
        "0:59:39.894533",
        10319963
    ],
    "SIM-ER": [
        37360408.362881504,
        "0:49:25.152077",
        11720542
    ],
    "SIM-PMX": [
        37846044.570385456,
        "0:06:54.104669",
        9224534
    ],
    "SIM-CX": [
        37587270.97289782,
        "0:44:16.658359",
        10403976
    ],
    "SIM-AP": [
        41224704.14511982,
        "1:14:39.916059",
        10199335
    ],
    "SM-OX1": [
        38052034.259447,
        "0:25:52.335951",
        10406520
    ],
    "SM-OX2": [
        41413928.48118147,
        "0:38:00.688181",
        5320103
    ],
    "SM-POS": [
        39837877.35706043,
        "1:33:41.253480",
        10264843
    ],
    "SM-ER": [
        37578530.92702567,
        "0:49:42.117363",
        11730676
    ],
    "SM-PMX": [
        38733942.966342844,
        "0:06:59.893790",
        9391901
    ],
    "SM-CX": [
        38751319.34371525,
        "0:44:55.677394",
        10305015
    ],
    "SM-AP": [
        40591647.41326188,
        "1:15:13.728805",
        10303324
    ]
}