{
    "DM-OX1": [
        37822129.648696914,
        "0:25:48.353526",
        10386623
    ],
    "DM-OX2": [
        41194812.41808061,
        "0:15:59.978417",
        5423727
    ],
    "DM-POS": [
        40757644.03813793,
        "1:18:35.891849",
        10209821
    ],
    "DM-ER": [
        37502079.77695104,
        "0:49:12.930727",
        11714718
    ],
    "DM-PMX": [
        38318930.54602124,
        "0:06:45.370851",
        9273169
    ],
    "DM-CX": [
        39327581.898102134,
        "0:43:20.756094",
        10280383
    ],
    "DM-AP": [
        41040737.960721314,
        "1:14:21.709411",
        10281455
    ],
    "ISM-OX1": [
        38179018.21747832,
        "0:25:42.161978",
        10310359
    ],
    "ISM-OX2": [
        41607901.56584063,
        "0:16:13.436160",
        5409907
    ],
    "ISM-POS": [
        39699563.99566021,
        "0:59:33.716210",
        10326894
    ],
    "ISM-ER": [
        37679120.57805307,
        "0:49:11.322253",
        11751721
    ],
    "ISM-PMX": [
        38562455.590171464,
        "0:06:45.433481",
        9441163
    ],
    "ISM-CX": [
        38261446.67445594,
        "0:43:34.096707",
        10477275
    ],
    "ISM-AP": [
        40200222.322996296,
        "1:14:02.816503",
        10415713
    ],
    "IVM-OX1": [
        37721862.02727211,
        "0:25:33.908526",
        10359570
    ],
    "IVM-OX2": [
        41632313.882636815,
        "0:16:01.258091",
        5426479
    ],
    "IVM-POS": [
        40601609.90774424,
        "0:59:58.417990",
        10384636
    ],
    "IVM-ER": [
        37337815.8664144,
        "0:49:10.030133",
        11718689
    ],
    "IVM-PMX": [
        38249449.975489534,
        "0:06:44.605927",
        9365122
    ],
    "IVM-CX": [
        38575505.471499056,
        "0:43:46.116716",
        10311778
    ],
    "IVM-AP": [
        41084123.75914818,
        "1:14:18.601343",
        10278679
    ],
    "EM-OX1": [
        37954768.53979912,
        "0:25:43.594889",
        9786564
    ],
    "EM-OX2": [
        42432276.46860837,
        "0:16:07.323887",
        5397507
    ],
    "EM-POS": [
        39456482.9251092,
        "0:59:56.718943",
        9960288
    ],
    "EM-ER": [
        37514142.91289128,
        "0:49:15.266031",
        11747136
    ],
    "EM-PMX": [
        39065290.18897267,
        "0:06:47.630585",
        8979323
    ],
    "EM-CX": [
        39501549.96918213,
        "0:44:31.085106",
        9793749
    ],
    "EM-AP": [
        40741439.79264744,
        "1:14:14.825209",
        9789806
    ],
    "SIM-OX1": [
        37576016.465742916,
        "0:25:53.975200",
        10363631
    ],
    "SIM-OX2": [
        41217334.203704596,
        "0:16:04.215425",
        5289011
    ],
    "SIM-POS": [
        40441389.916584834,
        "1:00:15.348842",
        10315927
    ],
    "SIM-ER": [
        37426426.82460755,
        "0:50:13.530050",
        11715836
    ],
    "SIM-PMX": [
        38025192.54783992,
        "0:06:42.586224",
        9315112
    ],
    "SIM-CX": [
        37875338.118886836,
        "0:44:12.610665",
        10275028
    ],
    "SIM-AP": [
        41034864.86242557,
        "1:14:13.209097",
        10228622
    ],
    "SM-OX1": [
        37661292.391151674,
        "0:26:03.860173",
        10282603
    ],
    "SM-OX2": [
        41787463.91597057,
        "0:16:19.632130",
        5343395
    ],
    "SM-POS": [
        40232813.68734959,
        "1:00:02.346912",
        10311821
    ],
    "SM-ER": [
        37831401.72028042,
        "0:49:05.326158",
        11733840
    ],
    "SM-PMX": [
        38475546.82901888,
        "0:06:44.488548",
        9384499
    ],
    "SM-CX": [
        38742974.9444022,
        "0:44:18.825909",
        10272789
    ],
    "SM-AP": [
        40521783.14728506,
        "1:14:15.756770",
        10263743
    ]
}