{
    "DM-OX1": [
        38135109.142416835,
        "0:25:46.388391",
        10296843
    ],
    "DM-OX2": [
        41503617.91658812,
        "0:16:14.571420",
        5470647
    ],
    "DM-POS": [
        40520693.265985794,
        "1:00:39.547915",
        10268143
    ],
    "DM-ER": [
        37549970.90005636,
        "0:54:07.062593",
        11716795
    ],
    "DM-PMX": [
        38401770.61577589,
        "0:06:52.692865",
        9414190
    ],
    "DM-CX": [
        38924349.92415742,
        "0:46:07.379880",
        10368071
    ],
    "DM-AP": [
        41266017.25470576,
        "1:15:06.247467",
        10341439
    ],
    "ISM-OX1": [
        37906498.11559837,
        "0:25:55.407665",
        10364985
    ],
    "ISM-OX2": [
        41361998.08770963,
        "0:16:29.906992",
        5351983
    ],
    "ISM-POS": [
        39633946.77913578,
        "1:11:49.717657",
        10541278
    ],
    "ISM-ER": [
        37741570.857225664,
        "0:55:39.674930",
        11751410
    ],
    "ISM-PMX": [
        38593890.98806827,
        "0:06:46.393346",
        9473962
    ],
    "ISM-CX": [
        38465924.96805866,
        "0:44:19.907717",
        10301639
    ],
    "ISM-AP": [
        40428948.82355275,
        "2:50:45.897739",
        10424224
    ],
    "IVM-OX1": [
        37941604.37784525,
        "1:13:04.416796",
        10402488
    ],
    "IVM-OX2": [
        41021705.72072756,
        "0:26:48.137338",
        5364256
    ],
    "IVM-POS": [
        40656981.03893746,
        "1:03:22.043909",
        10246697
    ],
    "IVM-ER": [
        37627634.09566348,
        "0:49:43.525726",
        11719376
    ],
    "IVM-PMX": [
        38301700.248082764,
        "0:06:46.826289",
        9375596
    ],
    "IVM-CX": [
        38852385.81764408,
        "0:44:17.229942",
        10404091
    ],
    "IVM-AP": [
        40966723.18299291,
        "1:15:15.758688",
        10239688
    ],
    "EM-OX1": [
        37595654.29700017,
        "0:25:54.231663",
        9791017
    ],
    "EM-OX2": [
        42320711.42876696,
        "0:16:34.786495",
        5427603
    ],
    "EM-POS": [
        39997773.187210105,
        "1:00:42.387871",
        9952369
    ],
    "EM-ER": [
        37431180.46803997,
        "0:49:37.596971",
        11745897
    ],
    "EM-PMX": [
        38650369.945033714,
        "0:06:46.348261",
        9006918
    ],
    "EM-CX": [
        39127296.922571324,
        "0:45:05.685770",
        9792551
    ],
    "EM-AP": [
        40490116.9634987,
        "1:15:25.600944",
        9786235
    ],
    "SIM-OX1": [
        37752325.4320374,
        "0:25:53.371592",
        10326115
    ],
    "SIM-OX2": [
        41390783.45662369,
        "0:16:24.621898",
        5325168
    ],
    "SIM-POS": [
        40578947.09769305,
        "1:00:23.215510",
        10256830
    ],
    "SIM-ER": [
        37341125.215720795,
        "0:49:46.314982",
        11717450
    ],
    "SIM-PMX": [
        37961574.22008931,
        "0:06:48.419483",
        9473166
    ],
    "SIM-CX": [
        37628079.18350821,
        "0:45:02.286412",
        10205916
    ],
    "SIM-AP": [
        41141257.900640465,
        "1:15:20.790804",
        10202855
    ],
    "SM-OX1": [
        38000843.70312186,
        "0:25:50.077547",
        10201833
    ],
    "SM-OX2": [
        41841768.979811974,
        "0:16:21.360241",
        5372155
    ],
    "SM-POS": [
        40431645.905840516,
        "1:00:20.808928",
        10383572
    ],
    "SM-ER": [
        37786617.86646578,
        "0:49:47.007169",
        11734300
    ],
    "SM-PMX": [
        38729181.92684761,
        "0:06:52.049580",
        9523025
    ],
    "SM-CX": [
        39252606.42220809,
        "0:44:53.998819",
        10352923
    ],
    "SM-AP": [
        40533081.66589833,
        "1:15:20.054175",
        10179266
    ]
}