{
    "DM-OX1": [
        1080098.504113527,
        54.8094684,
        738619.2
    ],
    "DM-OX2": [
        1682315.824962952,
        45.3732162,
        410634.2
    ],
    "DM-POS": [
        1476098.2423717922,
        65.7246204,
        739159.2
    ],
    "DM-ER": [
        1085591.4349740173,
        76.83443659999999,
        831569.6
    ],
    "DM-PMX": [
        1190972.8633778438,
        42.50314899999999,
        713452.8
    ],
    "DM-CX": [
        1366118.9930009707,
        59.369043,
        735140.8
    ],
    "DM-AP": [
        1587092.0059798514,
        64.7209526,
        740085.0
    ],
    "ISM-OX1": [
        1073607.8098667022,
        55.031515999999996,
        743266.6
    ],
    "ISM-OX2": [
        1639213.4071403865,
        45.8001406,
        410685.4
    ],
    "ISM-POS": [
        1355929.3329261465,
        66.0203016,
        749719.2
    ],
    "ISM-ER": [
        1042217.8665402178,
        76.61743799999999,
        837346.2
    ],
    "ISM-PMX": [
        1157651.4521235742,
        42.6293422,
        724606.6
    ],
    "ISM-CX": [
        1254977.6104875638,
        60.851624400000006,
        744090.2
    ],
    "ISM-AP": [
        1470446.3089955645,
        64.9742376,
        749504.6
    ],
    "IVM-OX1": [
        1073537.8053990619,
        54.985507000000005,
        735501.0
    ],
    "IVM-OX2": [
        1742901.6182179353,
        45.4172642,
        410659.8
    ],
    "IVM-POS": [
        1521953.6826182432,
        65.8056698,
        737353.6
    ],
    "IVM-ER": [
        1077079.8380245077,
        76.8638196,
        832174.4
    ],
    "IVM-PMX": [
        1217962.7048662794,
        42.63952,
        715143.0
    ],
    "IVM-CX": [
        1320074.6020818322,
        60.8045342,
        740671.6
    ],
    "IVM-AP": [
        1628346.040051473,
        64.8194134,
        736161.8
    ],
    "EM-OX1": [
        1095698.7826279346,
        55.048907199999995,
        690879.6
    ],
    "EM-OX2": [
        1950480.9475086413,
        45.6262498,
        410711.0
    ],
    "EM-POS": [
        1372406.5109363778,
        66.313522,
        699032.8
    ],
    "EM-ER": [
        1099574.436575902,
        76.8443048,
        832307.0
    ],
    "EM-PMX": [
        1243194.2562480639,
        42.53085699999999,
        684185.0
    ],
    "EM-CX": [
        1275749.7284328314,
        63.5857628,
        690726.2
    ],
    "EM-AP": [
        1459423.998822743,
        64.8581628,
        690906.8
    ],
    "SIM-OX1": [
        1082614.5162496336,
        55.061004600000004,
        735198.4
    ],
    "SIM-OX2": [
        1687614.7996454772,
        45.59249059999999,
        410711.0
    ],
    "SIM-POS": [
        1443600.9180181304,
        66.29720979999999,
        732069.4
    ],
    "SIM-ER": [
        1029923.4073000014,
        77.14731,
        831737.4
    ],
    "SIM-PMX": [
        1155014.4938824412,
        42.857793599999994,
        710537.4
    ],
    "SIM-CX": [
        1233711.312397651,
        62.7943868,
        739534.0
    ],
    "SIM-AP": [
        1614332.5331470817,
        64.943647,
        736261.2
    ],
    "SM-OX1": [
        1118804.9901298853,
        55.0664508,
        734909.4
    ],
    "SM-OX2": [
        1752950.3320889226,
        45.722797,
        410711.0
    ],
    "SM-POS": [
        1359077.7016934392,
        66.030789,
        738202.2
    ],
    "SM-ER": [
        1102045.9390737314,
        76.77865139999999,
        832087.8
    ],
    "SM-PMX": [
        1315724.021428865,
        42.8041202,
        712346.8
    ],
    "SM-CX": [
        1361999.5865247387,
        63.28979879999999,
        738462.4
    ],
    "SM-AP": [
        1534391.275164852,
        65.1278992,
        735350.2
    ]
}