{
    "DM-OX1": [
        1044305.1199385654,
        54.624695,
        732767
    ],
    "DM-OX2": [
        1661573.4009836896,
        44.970824,
        410583
    ],
    "DM-POS": [
        1383940.6205926596,
        65.402804,
        735247
    ],
    "DM-ER": [
        1028944.3870407308,
        76.304328,
        830039
    ],
    "DM-PMX": [
        1128542.7166008172,
        42.279326,
        705691
    ],
    "DM-CX": [
        1346024.3711596588,
        59.109601,
        732427
    ],
    "DM-AP": [
        1540111.5967771162,
        64.361162,
        735759
    ],
    "ISM-OX1": [
        1054277.3098065814,
        54.776887,
        738155
    ],
    "ISM-OX2": [
        1610166.6880647985,
        45.584314,
        410583
    ],
    "ISM-POS": [
        1313962.2949069894,
        65.721391,
        741387
    ],
    "ISM-ER": [
        969198.9306511768,
        76.405713,
        835311
    ],
    "ISM-PMX": [
        1107914.6890982147,
        42.519134,
        712479
    ],
    "ISM-CX": [
        1223151.3862372385,
        60.549209,
        738223
    ],
    "ISM-AP": [
        1344774.072267034,
        64.604064,
        744359
    ],
    "IVM-OX1": [
        1059539.625533082,
        54.785077,
        730711
    ],
    "IVM-OX2": [
        1720317.2525527773,
        45.223928,
        410583
    ],
    "IVM-POS": [
        1486814.845599925,
        65.323205,
        730299
    ],
    "IVM-ER": [
        1044457.6195418352,
        76.505138,
        830395
    ],
    "IVM-PMX": [
        1204246.0137692126,
        42.260787,
        709047
    ],
    "IVM-CX": [
        1290027.2687162273,
        60.595192,
        731963
    ],
    "IVM-AP": [
        1584243.3215573868,
        64.685405,
        732819
    ],
    "EM-OX1": [
        1083938.7055661734,
        54.709799,
        689599
    ],
    "EM-OX2": [
        1933550.4453057547,
        45.501546,
        410711
    ],
    "EM-POS": [
        1320752.6797247992,
        66.230904,
        697567
    ],
    "EM-ER": [
        1051852.8219796622,
        76.688785,
        830943
    ],
    "EM-PMX": [
        1217357.8746479286,
        42.120065,
        681051
    ],
    "EM-CX": [
        1227276.7781216134,
        62.998719,
        689459
    ],
    "EM-AP": [
        1399196.2924416368,
        64.429409,
        689487
    ],
    "SIM-OX1": [
        1052577.3538051601,
        54.908467,
        729903
    ],
    "SIM-OX2": [
        1605398.517420589,
        45.434937,
        410711
    ],
    "SIM-POS": [
        1392076.4024282803,
        66.032469,
        729075
    ],
    "SIM-ER": [
        1003640.4151094193,
        76.832819,
        830119
    ],
    "SIM-PMX": [
        1138777.170457179,
        42.73315,
        704383
    ],
    "SIM-CX": [
        1198671.4872610157,
        62.518969,
        730662
    ],
    "SIM-AP": [
        1577408.2669194052,
        64.685955,
        727639
    ],
    "SM-OX1": [
        1097635.0338727492,
        54.989559,
        728691
    ],
    "SM-OX2": [
        1740730.8131478417,
        45.438408,
        410711
    ],
    "SM-POS": [
        1328412.5148521627,
        65.494529,
        735739
    ],
    "SM-ER": [
        1058644.5699937835,
        76.486534,
        830399
    ],
    "SM-PMX": [
        1285751.5368309612,
        42.654758,
        705619
    ],
    "SM-CX": [
        1347799.8556376784,
        62.980652,
        733047
    ],
    "SM-AP": [
        1487723.8832091305,
        64.999068,
        727327
    ]
}