{
    "DM-OX1": [
        1044305.1199385654,
        "0:00:54.845165",
        743783
    ],
    "DM-OX2": [
        1682492.6453631856,
        "0:00:45.480819",
        410711
    ],
    "DM-POS": [
        1518829.4600726643,
        "0:01:05.730089",
        741551
    ],
    "DM-ER": [
        1028944.3870407308,
        "0:01:17.046904",
        830815
    ],
    "DM-PMX": [
        1128542.7166008172,
        "0:00:42.867916",
        708311
    ],
    "DM-CX": [
        1346024.3711596588,
        "0:00:59.274634",
        732427
    ],
    "DM-AP": [
        1639003.606898643,
        "0:01:04.882015",
        738947
    ],
    "ISM-OX1": [
        1085352.825229583,
        "0:00:55.124772",
        744243
    ],
    "ISM-OX2": [
        1648206.0435008584,
        "0:00:45.829827",
        410711
    ],
    "ISM-POS": [
        1313962.2949069894,
        "0:01:05.871422",
        749255
    ],
    "ISM-ER": [
        1039629.032143095,
        "0:01:16.856411",
        836847
    ],
    "ISM-PMX": [
        1144447.2346322176,
        "0:00:42.641212",
        725683
    ],
    "ISM-CX": [
        1223151.3862372385,
        "0:01:00.549209",
        738223
    ],
    "ISM-AP": [
        1497644.6960365043,
        "0:01:05.202474",
        758539
    ],
    "IVM-OX1": [
        1059539.625533082,
        "0:00:55.227601",
        739287
    ],
    "IVM-OX2": [
        1720317.2525527773,
        "0:00:45.455980",
        410711
    ],
    "IVM-POS": [
        1544158.1899580683,
        "0:01:05.323205",
        738327
    ],
    "IVM-ER": [
        1102242.8525614107,
        "0:01:16.666716",
        830623
    ],
    "IVM-PMX": [
        1228406.8454124064,
        "0:00:42.895262",
        719347
    ],
    "IVM-CX": [
        1324708.859513101,
        "0:01:00.648342",
        731963
    ],
    "IVM-AP": [
        1636342.7874740479,
        "0:01:04.955404",
        732819
    ],
    "EM-OX1": [
        1083938.7055661734,
        "0:00:55.127340",
        689599
    ],
    "EM-OX2": [
        1946992.6556768902,
        "0:00:45.772020",
        410711
    ],
    "EM-POS": [
        1320752.6797247992,
        "0:01:06.307197",
        698255
    ],
    "EM-ER": [
        1051852.8219796622,
        "0:01:16.806209",
        831055
    ],
    "EM-PMX": [
        1263676.7471456977,
        "0:00:42.120065",
        683091
    ],
    "EM-CX": [
        1270426.4356793568,
        "0:01:02.998719",
        689459
    ],
    "EM-AP": [
        1494274.441885978,
        "0:01:04.979997",
        689683
    ],
    "SIM-OX1": [
        1052577.3538051601,
        "0:00:55.008994",
        732163
    ],
    "SIM-OX2": [
        1736074.1978057774,
        "0:00:45.434937",
        410711
    ],
    "SIM-POS": [
        1405132.499426284,
        "0:01:06.032469",
        731539
    ],
    "SIM-ER": [
        1003640.4151094193,
        "0:01:17.119043",
        830791
    ],
    "SIM-PMX": [
        1156267.6823394997,
        "0:00:42.970126",
        712703
    ],
    "SIM-CX": [
        1239760.7009906927,
        "0:01:03.159641",
        736919
    ],
    "SIM-AP": [
        1672910.2286627658,
        "0:01:04.886278",
        727639
    ],
    "SM-OX1": [
        1099575.7719199804,
        "0:00:55.059069",
        735527
    ],
    "SM-OX2": [
        1753488.7561684696,
        "0:00:45.777043",
        410711
    ],
    "SM-POS": [
        1334771.4145046738,
        "0:01:06.302230",
        737463
    ],
    "SM-ER": [
        1099606.5692588934,
        "0:01:17.268092",
        830931
    ],
    "SM-PMX": [
        1333470.3865352923,
        "0:00:42.702493",
        709547
    ],
    "SM-CX": [
        1357118.0239557023,
        "0:01:03.457107",
        741455
    ],
    "SM-AP": [
        1549800.8800430435,
        "0:01:05.198250",
        727327
    ]
}