{
    "DM-OX1": [
        1076815.8600802217,
        "0:00:54.696493",
        734919
    ],
    "DM-OX2": [
        1667040.3991053433,
        "0:00:45.413423",
        410583
    ],
    "DM-POS": [
        1490281.7147590804,
        "0:01:05.978573",
        739619
    ],
    "DM-ER": [
        1104588.038412541,
        "0:01:17.001112",
        830343
    ],
    "DM-PMX": [
        1235904.0807985398,
        "0:00:42.643373",
        713875
    ],
    "DM-CX": [
        1356844.3876646515,
        "0:00:59.625225",
        735339
    ],
    "DM-AP": [
        1540111.5967771162,
        "0:01:04.951367",
        739239
    ],
    "ISM-OX1": [
        1054277.3098065814,
        "0:00:55.187942",
        738155
    ],
    "ISM-OX2": [
        1677938.5536221971,
        "0:00:46.106043",
        410583
    ],
    "ISM-POS": [
        1400560.2280324553,
        "0:01:06.640826",
        741387
    ],
    "ISM-ER": [
        1063700.5687876255,
        "0:01:16.469241",
        835979
    ],
    "ISM-PMX": [
        1203058.1433239668,
        "0:00:42.519134",
        712479
    ],
    "ISM-CX": [
        1258946.1142178904,
        "0:01:01.238908",
        745711
    ],
    "ISM-AP": [
        1527653.93115746,
        "0:01:05.214484",
        746679
    ],
    "IVM-OX1": [
        1073184.9294196456,
        "0:00:55.188489",
        735711
    ],
    "IVM-OX2": [
        1722359.3916702457,
        "0:00:45.560475",
        410711
    ],
    "IVM-POS": [
        1510863.95612063,
        "0:01:06.004806",
        730299
    ],
    "IVM-ER": [
        1056229.6829753951,
        "0:01:16.876214",
        831111
    ],
    "IVM-PMX": [
        1204246.0137692126,
        "0:00:42.787845",
        709063
    ],
    "IVM-CX": [
        1290027.2687162273,
        "0:01:01.024508",
        743631
    ],
    "IVM-AP": [
        1612022.4758920644,
        "0:01:04.992113",
        736911
    ],
    "EM-OX1": [
        1086882.0731639282,
        "0:00:55.334829",
        689655
    ],
    "EM-OX2": [
        1937356.4192466293,
        "0:00:45.528672",
        410711
    ],
    "EM-POS": [
        1413778.598014885,
        "0:01:06.314896",
        697659
    ],
    "EM-ER": [
        1140901.4181849735,
        "0:01:16.836138",
        830943
    ],
    "EM-PMX": [
        1244691.2586496419,
        "0:00:42.620510",
        683315
    ],
    "EM-CX": [
        1295018.8141053112,
        "0:01:03.893833",
        689711
    ],
    "EM-AP": [
        1454169.8739741931,
        "0:01:04.869713",
        689627
    ],
    "SIM-OX1": [
        1113397.3446238292,
        "0:00:55.109874",
        736895
    ],
    "SIM-OX2": [
        1605398.517420589,
        "0:00:45.648422",
        410711
    ],
    "SIM-POS": [
        1482912.633359519,
        "0:01:06.153604",
        731427
    ],
    "SIM-ER": [
        1016244.2667072417,
        "0:01:16.832819",
        830419
    ],
    "SIM-PMX": [
        1163471.3540576014,
        "0:00:43.007917",
        704383
    ],
    "SIM-CX": [
        1242200.5751077575,
        "0:01:02.567116",
        740447
    ],
    "SIM-AP": [
        1609780.436358208,
        "0:01:05.077333",
        746411
    ],
    "SM-OX1": [
        1097635.0338727492,
        "0:00:54.989559",
        728691
    ],
    "SM-OX2": [
        1748099.851902631,
        "0:00:45.908339",
        410711
    ],
    "SM-POS": [
        1328412.5148521627,
        "0:01:06.211554",
        737175
    ],
    "SM-ER": [
        1171953.0192068287,
        "0:01:16.682228",
        830447
    ],
    "SM-PMX": [
        1285751.5368309612,
        "0:00:42.963910",
        705619
    ],
    "SM-CX": [
        1363535.8165325492,
        "0:01:03.332778",
        733047
    ],
    "SM-AP": [
        1555160.9460709663,
        "0:01:05.298012",
        736731
    ]
}