{
    "DM-OX1": [
        1108497.4860024122,
        "0:00:55.120211",
        732767
    ],
    "DM-OX2": [
        1661573.4009836896,
        "0:00:45.689375",
        410711
    ],
    "DM-POS": [
        1383940.6205926596,
        "0:01:05.875412",
        740143
    ],
    "DM-ER": [
        1104065.2377159318,
        "0:01:16.658111",
        830511
    ],
    "DM-PMX": [
        1195607.6622165686,
        "0:00:42.279326",
        705691
    ],
    "DM-CX": [
        1357215.4024195874,
        "0:00:59.382920",
        733655
    ],
    "DM-AP": [
        1626606.2668005333,
        "0:01:04.361162",
        735759
    ],
    "ISM-OX1": [
        1070814.3160712044,
        "0:00:54.776887",
        742475
    ],
    "ISM-OX2": [
        1625675.536622955,
        "0:00:45.584314",
        410711
    ],
    "ISM-POS": [
        1397657.7778779815,
        "0:01:05.845727",
        756027
    ],
    "ISM-ER": [
        969198.9306511768,
        "0:01:16.405713",
        835311
    ],
    "ISM-PMX": [
        1184520.992143844,
        "0:00:42.616513",
        727963
    ],
    "ISM-CX": [
        1235354.7388234034,
        "0:01:00.579961",
        743239
    ],
    "ISM-AP": [
        1344774.072267034,
        "0:01:04.755718",
        749391
    ],
    "IVM-OX1": [
        1072622.5667955468,
        "0:00:54.924442",
        732735
    ],
    "IVM-OX2": [
        1751822.7708090532,
        "0:00:45.223928",
        410583
    ],
    "IVM-POS": [
        1486814.845599925,
        "0:01:05.930502",
        744731
    ],
    "IVM-ER": [
        1044457.6195418352,
        "0:01:16.849269",
        830395
    ],
    "IVM-PMX": [
        1233161.4112836595,
        "0:00:42.771797",
        711807
    ],
    "IVM-CX": [
        1330475.0094309612,
        "0:01:00.953592",
        739035
    ],
    "IVM-AP": [
        1678598.2219618184,
        "0:01:04.753758",
        735267
    ],
    "EM-OX1": [
        1100475.7084597095,
        "0:00:55.158476",
        689795
    ],
    "EM-OX2": [
        1969090.1092060332,
        "0:00:45.501546",
        410711
    ],
    "EM-POS": [
        1354130.400466894,
        "0:01:06.269943",
        698031
    ],
    "EM-ER": [
        1078445.8841026728,
        "0:01:16.916742",
        830999
    ],
    "EM-PMX": [
        1226437.9708623418,
        "0:00:42.767240",
        681051
    ],
    "EM-CX": [
        1285987.9708962885,
        "0:01:03.765186",
        689515
    ],
    "EM-AP": [
        1399196.2924416368,
        "0:01:04.922865",
        689487
    ],
    "SIM-OX1": [
        1106835.4393743887,
        "0:00:55.153850",
        729903
    ],
    "SIM-OX2": [
        1737836.4788612665,
        "0:00:45.559633",
        410711
    ],
    "SIM-POS": [
        1480083.776699206,
        "0:01:06.618707",
        732995
    ],
    "SIM-ER": [
        1071987.3723010144,
        "0:01:17.600207",
        830119
    ],
    "SIM-PMX": [
        1138777.170457179,
        "0:00:42.733150",
        704983
    ],
    "SIM-CX": [
        1198671.4872610157,
        "0:01:02.810397",
        750579
    ],
    "SIM-AP": [
        1577408.2669194052,
        "0:01:05.006256",
        731547
    ],
    "SM-OX1": [
        1116372.9114263738,
        "0:00:55.032722",
        736731
    ],
    "SM-OX2": [
        1755445.1424057726,
        "0:00:45.784333",
        410711
    ],
    "SM-POS": [
        1353151.1169646413,
        "0:01:06.211579",
        735867
    ],
    "SM-ER": [
        1058644.5699937835,
        "0:01:16.788173",
        830559
    ],
    "SM-PMX": [
        1343506.8952831917,
        "0:00:42.847497",
        714303
    ],
    "SM-CX": [
        1391559.7477668428,
        "0:01:03.295095",
        734423
    ],
    "SM-AP": [
        1540134.4315593098,
        "0:01:04.999068",
        740623
    ]
}