{
    "DM-OX1": [
        1085083.9430443617,
        "0:00:54.624695",
        742368
    ],
    "DM-OX2": [
        1725663.9489586416,
        "0:00:44.970824",
        410583
    ],
    "DM-POS": [
        1465004.0533109228,
        "0:01:05.402804",
        739236
    ],
    "DM-ER": [
        1109842.2991868635,
        "0:01:16.304328",
        836140
    ],
    "DM-PMX": [
        1171391.044160068,
        "0:00:42.431495",
        719368
    ],
    "DM-CX": [
        1356334.1256590728,
        "0:00:59.109601",
        738800
    ],
    "DM-AP": [
        1558920.7912270585,
        "0:01:04.733936",
        743385
    ],
    "ISM-OX1": [
        1085120.125612121,
        "0:00:55.082335",
        745137
    ],
    "ISM-OX2": [
        1610166.6880647985,
        "0:00:45.686690",
        410711
    ],
    "ISM-POS": [
        1323444.0600959712,
        "0:01:05.721391",
        750652
    ],
    "ISM-ER": [
        1066851.449629036,
        "0:01:16.655438",
        842003
    ],
    "ISM-PMX": [
        1107914.6890982147,
        "0:00:42.814780",
        724445
    ],
    "ISM-CX": [
        1265820.2081290185,
        "0:01:00.886327",
        752327
    ],
    "ISM-AP": [
        1513218.0643264896,
        "0:01:04.604064",
        748555
    ],
    "IVM-OX1": [
        1082412.2285864798,
        "0:00:54.785077",
        739061
    ],
    "IVM-OX2": [
        1759365.7591069224,
        "0:00:45.264301",
        410711
    ],
    "IVM-POS": [
        1523983.9811567275,
        "0:01:05.810323",
        741232
    ],
    "IVM-ER": [
        1057107.8481024157,
        "0:01:17.421761",
        837948
    ],
    "IVM-PMX": [
        1206234.761146383,
        "0:00:42.481909",
        726451
    ],
    "IVM-CX": [
        1302424.7091287747,
        "0:01:00.801037",
        741942
    ],
    "IVM-AP": [
        1630523.3933720484,
        "0:01:04.685405",
        738397
    ],
    "EM-OX1": [
        1092760.744293534,
        "0:00:54.914092",
        695722
    ],
    "EM-OX2": [
        1933550.4453057547,
        "0:00:45.653928",
        410711
    ],
    "EM-POS": [
        1404878.1032441668,
        "0:01:06.230904",
        703652
    ],
    "EM-ER": [
        1117754.355644851,
        "0:01:16.973650",
        837427
    ],
    "EM-PMX": [
        1263807.42993471,
        "0:00:42.718906",
        690097
    ],
    "EM-CX": [
        1300038.643361587,
        "0:01:03.962142",
        695459
    ],
    "EM-AP": [
        1459855.899419216,
        "0:01:05.088830",
        696082
    ],
    "SIM-OX1": [
        1069386.2845678367,
        "0:00:54.908467",
        735220
    ],
    "SIM-OX2": [
        1685382.581077105,
        "0:00:45.587805",
        410711
    ],
    "SIM-POS": [
        1457799.2781773629,
        "0:01:06.383332",
        735311
    ],
    "SIM-ER": [
        1035156.0421271172,
        "0:01:16.976063",
        836955
    ],
    "SIM-PMX": [
        1174616.5997901408,
        "0:00:42.735571",
        716047
    ],
    "SIM-CX": [
        1279424.598152663,
        "0:01:02.518969",
        730662
    ],
    "SIM-AP": [
        1621420.8925621337,
        "0:01:05.062413",
        745042
    ],
    "SM-OX1": [
        1133602.9303692523,
        "0:00:55.207741",
        740071
    ],
    "SM-OX2": [
        1766987.0968198976,
        "0:00:45.438408",
        410711
    ],
    "SM-POS": [
        1394008.986702149,
        "0:01:05.494529",
        744767
    ],
    "SM-ER": [
        1068104.4889704972,
        "0:01:16.486534",
        838103
    ],
    "SM-PMX": [
        1313087.9831724649,
        "0:00:42.851943",
        715822
    ],
    "SM-CX": [
        1347799.8556376784,
        "0:01:03.383362",
        743172
    ],
    "SM-AP": [
        1539136.2349418092,
        "0:01:05.136002",
        735915
    ]
}