{
    "DM-OX1": [
        1085790.1115020749,
        "0:00:54.760778",
        739259
    ],
    "DM-OX2": [
        1674808.7304038992,
        "0:00:45.311640",
        410583
    ],
    "DM-POS": [
        1522435.363123634,
        "0:01:05.636224",
        735247
    ],
    "DM-ER": [
        1080517.2125140198,
        "0:01:17.161728",
        830039
    ],
    "DM-PMX": [
        1223418.813113226,
        "0:00:42.293635",
        720019
    ],
    "DM-CX": [
        1414176.6781018837,
        "0:00:59.452835",
        735483
    ],
    "DM-AP": [
        1570817.7681959055,
        "0:01:04.676283",
        743095
    ],
    "ISM-OX1": [
        1072474.4726140199,
        "0:00:54.985644",
        746323
    ],
    "ISM-OX2": [
        1634080.2138911232,
        "0:00:45.793829",
        410711
    ],
    "ISM-POS": [
        1344022.3037173343,
        "0:01:06.022142",
        751275
    ],
    "ISM-ER": [
        1071709.3514901556,
        "0:01:16.700387",
        836591
    ],
    "ISM-PMX": [
        1148316.2014196278,
        "0:00:42.555072",
        732463
    ],
    "ISM-CX": [
        1291615.605030267,
        "0:01:01.003717",
        740951
    ],
    "ISM-AP": [
        1468940.7811903346,
        "0:01:05.094448",
        744359
    ],
    "IVM-OX1": [
        1079929.6766605559,
        "0:00:54.801926",
        730711
    ],
    "IVM-OX2": [
        1760642.9169506798,
        "0:00:45.581637",
        410583
    ],
    "IVM-POS": [
        1543947.4402558655,
        "0:01:05.959513",
        732179
    ],
    "IVM-ER": [
        1125361.1869414833,
        "0:01:16.505138",
        830795
    ],
    "IVM-PMX": [
        1217764.492719735,
        "0:00:42.260787",
        709047
    ],
    "IVM-CX": [
        1352737.1636200978,
        "0:01:00.595192",
        746787
    ],
    "IVM-AP": [
        1584243.3215573868,
        "0:01:04.710387",
        737415
    ],
    "EM-OX1": [
        1114436.681656327,
        "0:00:54.709799",
        689627
    ],
    "EM-OX2": [
        1965415.1081078986,
        "0:00:45.675083",
        410711
    ],
    "EM-POS": [
        1368492.7732311431,
        "0:01:06.444670",
        697567
    ],
    "EM-ER": [
        1108917.7029673492,
        "0:01:16.688785",
        831111
    ],
    "EM-PMX": [
        1217357.8746479286,
        "0:00:42.427564",
        683371
    ],
    "EM-CX": [
        1227276.7781216134,
        "0:01:03.308934",
        689487
    ],
    "EM-AP": [
        1489623.4863926917,
        "0:01:04.429409",
        689655
    ],
    "SIM-OX1": [
        1070876.158876953,
        "0:00:55.123838",
        741811
    ],
    "SIM-OX2": [
        1673382.2230626482,
        "0:00:45.731656",
        410711
    ],
    "SIM-POS": [
        1392076.4024282803,
        "0:01:06.297937",
        729075
    ],
    "SIM-ER": [
        1022588.9402552148,
        "0:01:17.208418",
        830403
    ],
    "SIM-PMX": [
        1141939.6627677844,
        "0:00:42.842204",
        714571
    ],
    "SIM-CX": [
        1208499.2004761258,
        "0:01:02.915811",
        739063
    ],
    "SIM-AP": [
        1590142.8412328956,
        "0:01:04.685955",
        730667
    ],
    "SM-OX1": [
        1146838.3030610704,
        "0:00:55.043163",
        733527
    ],
    "SM-OX2": [
        1740730.8131478417,
        "0:00:45.705862",
        410711
    ],
    "SM-POS": [
        1385044.4754435685,
        "0:01:05.934053",
        735739
    ],
    "SM-ER": [
        1111921.0479386544,
        "0:01:16.668230",
        830399
    ],
    "SM-PMX": [
        1302803.3053224154,
        "0:00:42.654758",
        716443
    ],
    "SM-CX": [
        1349984.488730921,
        "0:01:02.980652",
        740215
    ],
    "SM-AP": [
        1487723.8832091305,
        "0:01:05.008164",
        736155
    ]
}