{
    "DM-OX1": [
        12133.726540645044,
        "0:00:52.828642",
        281533
    ],
    "DM-OX2": [
        23776.861442144876,
        "0:00:51.782194",
        210218
    ],
    "DM-POS": [
        12307.540767886643,
        "0:00:51.925631",
        291195
    ],
    "DM-ER": [
        11754.085179775027,
        "0:00:55.590571",
        266553
    ],
    "DM-PMX": [
        11636.208352494523,
        "0:00:51.075658",
        270516
    ],
    "DM-CX": [
        14448.437290886211,
        "0:00:53.309502",
        302420
    ],
    "DM-AP": [
        14715.035314195238,
        "0:00:50.379780",
        245698
    ],
    "ISM-OX1": [
        11137.648705911422,
        "0:00:50.460720",
        235703
    ],
    "ISM-OX2": [
        23489.535533959268,
        "0:00:50.291714",
        170439
    ],
    "ISM-POS": [
        11990.22097013195,
        "0:00:53.019623",
        231932
    ],
    "ISM-ER": [
        10144.188008396466,
        "0:00:55.450855",
        231477
    ],
    "ISM-PMX": [
        11169.582892185768,
        "0:00:50.848107",
        378663
    ],
    "ISM-CX": [
        13417.324791513965,
        "0:00:55.604693",
        219423
    ],
    "ISM-AP": [
        12965.843819240637,
        "0:00:51.615049",
        222459
    ],
    "IVM-OX1": [
        11648.44632736172,
        "0:00:49.884061",
        234245
    ],
    "IVM-OX2": [
        23918.352608806,
        "0:00:50.769892",
        166244
    ],
    "IVM-POS": [
        11220.506073990724,
        "0:00:50.416762",
        220446
    ],
    "IVM-ER": [
        11195.558331483668,
        "0:00:55.577535",
        219032
    ],
    "IVM-PMX": [
        10585.048316721663,
        "0:00:50.666852",
        238638
    ],
    "IVM-CX": [
        12349.987110984624,
        "0:00:52.705933",
        221437
    ],
    "IVM-AP": [
        17597.524567244513,
        "0:00:50.044347",
        234480
    ],
    "EM-OX1": [
        10793.795522271132,
        "0:00:51.242834",
        227794
    ],
    "EM-OX2": [
        27726.644690940007,
        "0:00:52.796326",
        137479
    ],
    "EM-POS": [
        13251.753055988904,
        "0:00:52.422266",
        517371
    ],
    "EM-ER": [
        11029.671959072843,
        "0:00:56.699982",
        226462
    ],
    "EM-PMX": [
        11224.786658179433,
        "0:00:51.688582",
        204462
    ],
    "EM-CX": [
        13575.526431663277,
        "0:00:55.836510",
        213415
    ],
    "EM-AP": [
        13457.88853131966,
        "0:00:51.550399",
        221730
    ],
    "SIM-OX1": [
        11381.413856855377,
        "0:00:50.092302",
        228533
    ],
    "SIM-OX2": [
        25646.647390612437,
        "0:00:50.118229",
        156847
    ],
    "SIM-POS": [
        12596.00131586228,
        "0:00:51.673781",
        234644
    ],
    "SIM-ER": [
        11265.172268372291,
        "0:00:54.896570",
        222804
    ],
    "SIM-PMX": [
        10459.18316489074,
        "0:00:51.341070",
        237270
    ],
    "SIM-CX": [
        12901.858756389944,
        "0:00:54.940146",
        229839
    ],
    "SIM-AP": [
        14828.745232380288,
        "0:00:49.460648",
        221382
    ],
    "SM-OX1": [
        10910.030840524538,
        "0:00:49.317194",
        232609
    ],
    "SM-OX2": [
        24506.708650713255,
        "0:00:51.375932",
        153970
    ],
    "SM-POS": [
        14338.584399303938,
        "0:00:51.782370",
        177613
    ],
    "SM-ER": [
        13711.97763016435,
        "0:00:55.530282",
        226745
    ],
    "SM-PMX": [
        14250.406206520705,
        "0:00:50.058603",
        224053
    ],
    "SM-CX": [
        14326.772984610048,
        "0:00:53.720548",
        234455
    ],
    "SM-AP": [
        17716.15664447376,
        "0:00:51.394343",
        244257
    ]
}