{
    "DM-OX1": [
        1083307.1743884746,
        "0:02:45.052369",
        1060335
    ],
    "DM-OX2": [
        1669214.3377319395,
        "0:02:10.165346",
        406721
    ],
    "DM-POS": [
        1532251.2129402547,
        "0:03:20.393708",
        1043070
    ],
    "DM-ER": [
        1064230.1071553822,
        "0:03:50.738577",
        1136500
    ],
    "DM-PMX": [
        1221197.376108274,
        "0:02:03.126340",
        864113
    ],
    "DM-CX": [
        1350249.9239435801,
        "0:02:47.140762",
        1156445
    ],
    "DM-AP": [
        1594236.8955726752,
        "0:02:45.403607",
        873667
    ],
    "ISM-OX1": [
        1126548.3626231912,
        "0:02:39.655370",
        853433
    ],
    "ISM-OX2": [
        1656315.4455478855,
        "0:02:08.779207",
        430078
    ],
    "ISM-POS": [
        1400727.718534414,
        "0:03:07.503609",
        862359
    ],
    "ISM-ER": [
        1015864.4437401071,
        "0:03:44.586621",
        1676261
    ],
    "ISM-PMX": [
        1187702.2576004765,
        "0:02:03.413921",
        836667
    ],
    "ISM-CX": [
        1256808.0874621312,
        "0:02:50.013973",
        852763
    ],
    "ISM-AP": [
        1448562.5920167004,
        "0:02:46.968960",
        836783
    ],
    "IVM-OX1": [
        1047974.9701832352,
        "0:02:45.349384",
        834331
    ],
    "IVM-OX2": [
        1745965.7759953316,
        "0:02:18.235100",
        432313
    ],
    "IVM-POS": [
        1500091.541964798,
        "0:03:29.282718",
        893449
    ],
    "IVM-ER": [
        1055297.5625877709,
        "0:03:45.229027",
        1120994
    ],
    "IVM-PMX": [
        1184373.5520183116,
        "0:02:02.333681",
        849981
    ],
    "IVM-CX": [
        1250350.6891091864,
        "0:02:50.823678",
        853103
    ],
    "IVM-AP": [
        1652285.8296607789,
        "0:02:46.563930",
        853156
    ],
    "EM-OX1": [
        1107178.3217233217,
        "0:02:36.777388",
        824648
    ],
    "EM-OX2": [
        1866649.4828119117,
        "0:02:09.054230",
        442743
    ],
    "EM-POS": [
        1364259.6578021254,
        "0:03:06.445009",
        2171821
    ],
    "EM-ER": [
        1132967.199104293,
        "0:03:44.121123",
        1092608
    ],
    "EM-PMX": [
        1182064.5481859252,
        "0:02:03.155146",
        802533
    ],
    "EM-CX": [
        1263505.9159300583,
        "0:02:58.967765",
        818413
    ],
    "EM-AP": [
        1418585.368391394,
        "0:02:50.500176",
        822249
    ],
    "SIM-OX1": [
        1088371.409569085,
        "0:02:38.944232",
        855245
    ],
    "SIM-OX2": [
        1722783.5355534721,
        "0:02:06.766886",
        429856
    ],
    "SIM-POS": [
        1449512.9057448946,
        "0:03:01.766844",
        740006
    ],
    "SIM-ER": [
        1066127.1979330091,
        "0:03:38.066792",
        842878
    ],
    "SIM-PMX": [
        1126665.4212231229,
        "0:01:58.124972",
        725623
    ],
    "SIM-CX": [
        1248153.24455594,
        "0:02:50.634393",
        745879
    ],
    "SIM-AP": [
        1629777.399797241,
        "0:02:39.695909",
        744151
    ],
    "SM-OX1": [
        1075352.113963395,
        "0:02:33.013227",
        758810
    ],
    "SM-OX2": [
        1825143.8965372215,
        "0:02:01.895901",
        394437
    ],
    "SM-POS": [
        1324369.025354451,
        "0:02:59.185795",
        744886
    ],
    "SM-ER": [
        1136087.6171685972,
        "0:03:36.057939",
        840878
    ],
    "SM-PMX": [
        1286189.5122915285,
        "0:02:00.193099",
        715526
    ],
    "SM-CX": [
        1436602.3198946074,
        "0:02:52.560808",
        748244
    ],
    "SM-AP": [
        1619262.9872096716,
        "0:02:41.653383",
        742528
    ]
}